wdir,temp,maxt,visibility,wspd,datetimeStr,solarenergy,heatindex,cloudcover,mint,datetime,precip,solarradiation,weathertype,snowdepth,sealevelpressure,snow,dew,humidity,precipcover,wgust,conditions,windchill,info
240.08,12.3,20.9,4.5,15.5,2022-01-01T00:00:00-07:00,0.9,,84.4,0.6,1640995200000,0.1,23.0,"Light Snow, Mist, Snow",1.97,1014.3,,4.9,71.76,50.0,,"Rain, Overcast",-12.3,
169.17,22.5,42.0,9.9,11.0,2022-01-02T00:00:00-07:00,1.3,,7.6,1.0,1641081600000,0.0,33.5,,1.97,1027.8,,5.6,50.15,0.0,,Clear,-12.6,
118.46,37.7,55.0,9.9,9.6,2022-01-03T00:00:00-07:00,2.2,,37.4,20.9,1641168000000,0.0,54.7,,1.18,1019.1,,10.8,35.97,0.0,28.9,Partially cloudy,10.6,
270.5,45.1,53.6,9.9,28.6,2022-01-04T00:00:00-07:00,1.7,,35.9,37.1,1641254400000,0.0,42.5,,,1008.3,,3.7,18.52,0.0,58.8,Partially cloudy,29.2,
172.63,28.1,51.6,9.4,24.3,2022-01-05T00:00:00-07:00,2.6,,67.4,12.7,1641340800000,0.0,66.4,"Snow Showers, Mist, Light Snow, Fog",,1012.6,,14.7,60.4,0.0,46.1,Partially cloudy,-1.5,
190.88,12.9,20.9,8.8,11.3,2022-01-06T00:00:00-07:00,1.8,,71.6,5.9,1641427200000,0.01,45.2,"Mist, Light Snow",,1020.1,,3.5,66.35,4.17,,"Rain, Partially cloudy",-7.6,
181.54,46.5,65.7,9.9,24.2,2022-01-07T00:00:00-07:00,1.1,,20.7,16.4,1641513600000,0.0,28.5,,,1006.6,,16.3,34.99,0.0,33.2,Clear,5.8,
155.58,42.8,55.9,9.9,21.6,2022-01-08T00:00:00-07:00,3.2,,69.8,31.6,1641600000000,0.01,80.7,"Light Snow, Light Rain And Snow, Light Rain",,1007.9,,17.4,40.32,4.17,35.9,"Rain, Partially cloudy",23.1,
194.96,26.6,33.7,8.9,12.9,2022-01-09T00:00:00-07:00,2.6,,58.3,22.7,1641686400000,0.0,66.9,"Light Snow, Mist, Light Rain And Snow, Light Freezing Drizzle/Freezing Rain, Freezing Fog",,1033.8,,19.4,74.42,0.0,,Partially cloudy,12.2,
69.71,32.8,50.9,9.9,12.4,2022-01-10T00:00:00-07:00,1.0,,7.7,18.3,1641772800000,0.0,25.4,,,1036.8,,7.7,39.4,0.0,,Clear,6.0,
164.21,40.7,59.7,9.9,17.2,2022-01-11T00:00:00-07:00,2.1,,22.1,22.0,1641859200000,0.0,53.9,,,1026.2,,0.3,23.12,0.0,,Clear,14.3,
119.46,40.0,55.8,9.9,10.6,2022-01-12T00:00:00-07:00,3.3,,54.5,23.4,1641945600000,0.0,83.5,,,1025.2,,7.0,28.56,0.0,,Partially cloudy,13.1,
168.29,46.4,58.8,9.9,14.1,2022-01-13T00:00:00-07:00,2.0,,56.0,36.1,1642032000000,0.0,50.5,,,1021.2,,17.0,31.89,0.0,19.7,Partially cloudy,29.4,
263.54,36.2,46.3,7.5,33.5,2022-01-14T00:00:00-07:00,3.8,,66.0,24.1,1642118400000,0.02,95.8,"Blowing Or Drifting Snow, Light Snow, Mist",,1019.7,,18.2,51.34,16.67,48.7,"Rain, Partially cloudy",10.3,
237.17,28.3,43.2,9.6,15.2,2022-01-15T00:00:00-07:00,1.3,,23.9,18.6,1642204800000,0.0,31.7,Light Snow,1.18,1029.4,,12.3,53.26,0.0,24.2,Clear,9.1,
184.92,40.8,55.9,9.9,14.1,2022-01-16T00:00:00-07:00,2.4,,32.0,27.3,1642291200000,0.0,59.6,,,1019.4,,3.2,24.47,0.0,32.2,Partially cloudy,20.7,
101.79,39.2,60.2,9.9,12.0,2022-01-17T00:00:00-07:00,2.4,,30.1,19.3,1642377600000,0.0,60.7,,,1015.7,,10.5,36.68,0.0,,Partially cloudy,7.2,
147.17,41.2,58.2,9.9,20.0,2022-01-18T00:00:00-07:00,3.6,,60.4,29.3,1642464000000,0.0,92.1,,,1010.4,,9.2,31.21,0.0,,Partially cloudy,20.7,
146.79,23.3,33.4,4.7,12.9,2022-01-19T00:00:00-07:00,0.9,,90.2,16.1,1642550400000,0.0,22.8,"Mist, Light Snow, Light Rain And Snow, Fog, Freezing Drizzle/Freezing Rain, Light Freezing Drizzle/Freezing Rain, Freezing Fog",,1024.3,,17.4,79.58,0.0,,Overcast,5.5,
181.88,19.3,26.9,5.1,5.9,2022-01-20T00:00:00-07:00,3.2,,62.8,13.6,1642636800000,0.0,80.6,"Light Snow, Mist, Fog",,1027.0,,15.7,85.61,0.0,,Partially cloudy,8.1,
284.96,30.9,42.1,8.1,18.9,2022-01-21T00:00:00-07:00,3.3,,83.9,19.2,1642723200000,0.01,83.7,"Light Snow, Mist",,1020.6,,21.0,67.71,4.17,29.2,"Rain, Overcast",11.3,
236.75,30.5,39.6,9.2,16.1,2022-01-22T00:00:00-07:00,2.8,,54.2,24.5,1642809600000,0.01,71.4,"Light Snow, Mist, Light Rain And Snow, Light Freezing Drizzle/Freezing Rain",1.18,1026.1,,23.1,74.44,4.17,,"Rain, Partially cloudy",16.1,
135.0,32.5,45.5,9.9,9.0,2022-01-23T00:00:00-07:00,2.5,,6.6,23.3,1642896000000,0.0,57.8,,,1019.5,,16.3,52.95,0.0,,Clear,14.2,
203.71,35.9,44.7,9.9,13.9,2022-01-24T00:00:00-07:00,2.3,,33.7,29.3,1642982400000,0.0,53.8,,,1011.8,,11.9,38.09,0.0,22.2,Partially cloudy,20.5,
216.29,26.0,31.1,9.6,24.6,2022-01-25T00:00:00-07:00,3.8,,92.1,19.6,1643068800000,0.0,96.9,Light Snow,,1019.9,,15.1,63.35,0.0,35.2,Overcast,11.3,
98.42,26.5,43.2,9.6,8.8,2022-01-26T00:00:00-07:00,2.7,,32.2,15.2,1643155200000,0.0,67.2,"Light Snow, Mist, Fog",,1019.5,,10.3,56.01,0.0,,Partially cloudy,6.3,
116.38,22.9,27.6,8.4,16.7,2022-01-27T00:00:00-07:00,3.4,,67.2,9.7,1643241600000,0.03,78.2,"Heavy Snow, Light Snow",1.18,1027.6,,12.1,64.01,16.67,31.1,"Rain, Partially cloudy",-1.3,
195.04,28.0,45.3,9.9,9.6,2022-01-28T00:00:00-07:00,3.4,,0.0,8.7,1643328000000,0.0,79.5,,1.18,1031.4,,4.7,39.37,0.0,,Clear,-2.4,
185.17,39.2,54.3,9.9,13.0,2022-01-29T00:00:00-07:00,4.3,,5.9,23.0,1643414400000,0.0,99.5,,,1021.5,,0.3,21.69,0.0,,Clear,12.4,
158.54,35.6,50.8,9.9,10.4,2022-01-30T00:00:00-07:00,4.5,,7.4,22.2,1643500800000,0.0,103.7,,,1016.5,,3.7,27.54,0.0,,Clear,13.9,
202.46,42.4,61.3,9.9,15.5,2022-01-31T00:00:00-07:00,4.9,,16.7,25.6,1643587200000,0.0,113.5,,,1006.5,,-5.3,16.92,0.0,32.2,Clear,17.9,
128.88,26.8,34.2,8.1,20.1,2022-02-01T00:00:00-07:00,7.4,,69.3,18.1,1643673600000,0.08,171.3,"Light Snow, Precipitation In Vicinity, Fog, Snow",4.4,1011.7,,11.7,54.85,16.67,31.1,"Rain, Partially cloudy",4.5,
136.25,8.6,17.4,3.2,13.1,2022-02-02T00:00:00-07:00,2.5,,97.9,0.2,1643760000000,0.14,57.6,"Mist, Light Snow, Snow",5.91,1022.2,,3.8,80.41,70.83,,"Rain, Overcast",-15.4,
161.79,3.7,10.1,8.8,8.8,2022-02-03T00:00:00-07:00,5.8,,43.9,-3.6,1643846400000,0.0,133.8,"Light Snow, Mist, Smoke Or Haze",4.4,1029.0,,-2.9,73.7,4.17,,Partially cloudy,-11.4,
170.17,17.6,30.5,9.9,10.4,2022-02-04T00:00:00-07:00,6.0,,1.5,5.0,1643932800000,0.0,138.6,,3.94,1033.1,,2.7,52.5,0.0,,Clear,-7.8,
221.96,35.2,47.8,9.9,13.1,2022-02-05T00:00:00-07:00,5.4,,19.9,16.6,1644019200000,0.0,124.3,,3.15,1019.1,,9.1,35.5,0.0,34.4,Clear,5.1,
240.21,28.6,34.4,9.8,20.8,2022-02-06T00:00:00-07:00,6.7,,51.6,20.3,1644105600000,0.0,156.2,Light Snow,1.18,1026.2,,15.2,57.52,0.0,34.3,Partially cloudy,13.6,
185.25,32.1,46.1,9.9,9.8,2022-02-07T00:00:00-07:00,5.7,,0.0,18.2,1644192000000,0.0,132.3,,,1026.4,,10.3,41.54,0.0,,Clear,8.3,
179.46,39.5,46.7,9.9,19.9,2022-02-08T00:00:00-07:00,5.2,,17.9,29.2,1644278400000,0.0,120.0,,,1018.9,,12.9,34.06,0.0,35.6,Clear,22.4,
191.17,36.3,44.5,9.9,15.5,2022-02-09T00:00:00-07:00,6.7,,47.3,29.5,1644364800000,0.0,154.9,,,1018.8,,13.6,39.62,0.0,25.3,Partially cloudy,22.0,
176.88,39.0,52.8,9.9,11.9,2022-02-10T00:00:00-07:00,5.5,,32.0,23.5,1644451200000,0.0,126.5,,,1015.8,,20.9,52.6,0.0,36.9,Partially cloudy,16.9,
255.21,32.5,43.4,7.6,25.3,2022-02-11T00:00:00-07:00,3.3,,65.7,22.3,1644537600000,0.06,76.3,"Light Snow, Mist, Fog, Snow",1.97,1017.3,,17.5,57.35,16.67,39.8,"Rain, Partially cloudy",11.5,
198.42,22.9,33.1,9.9,10.0,2022-02-12T00:00:00-07:00,4.4,,33.1,8.4,1644624000000,0.0,93.9,,1.97,1029.6,,13.9,68.68,0.0,24.2,Partially cloudy,-2.0,
116.54,35.8,52.3,9.9,8.2,2022-02-13T00:00:00-07:00,7.4,,7.7,21.5,1644710400000,0.0,158.5,,,1024.4,,13.8,42.98,0.0,,Clear,12.6,
192.54,39.0,50.8,9.9,14.4,2022-02-14T00:00:00-07:00,7.2,,16.1,28.6,1644796800000,0.0,167.4,,,1016.4,,13.2,35.31,0.0,21.9,Clear,22.5,
251.71,45.5,62.0,9.9,12.6,2022-02-15T00:00:00-07:00,8.1,,45.2,34.6,1644883200000,0.0,173.5,,,1002.5,,5.7,21.82,0.0,32.2,Partially cloudy,27.7,
156.71,33.4,42.2,8.5,19.5,2022-02-16T00:00:00-07:00,6.5,,55.2,20.5,1644969600000,0.0,150.5,"Light Snow, Precipitation In Vicinity",,1004.5,,16.2,51.76,4.17,31.6,Partially cloudy,5.1,
214.54,20.4,29.5,9.9,20.7,2022-02-17T00:00:00-07:00,8.1,,36.0,11.2,1645056000000,0.0,173.9,Light Snow,,1021.5,,10.1,64.56,0.0,33.0,Partially cloudy,-0.6,
178.75,34.5,47.3,9.9,13.4,2022-02-18T00:00:00-07:00,8.3,,18.0,22.1,1645142400000,0.0,176.4,,,1021.4,,11.6,40.53,0.0,21.9,Clear,16.1,
87.21,38.9,52.8,9.9,12.1,2022-02-19T00:00:00-07:00,8.2,,3.1,23.7,1645228800000,0.0,174.4,,,1016.8,,12.0,36.54,0.0,32.2,Clear,17.6,
237.63,49.5,62.3,9.9,21.9,2022-02-20T00:00:00-07:00,8.5,,33.8,40.4,1645315200000,0.0,181.2,,,1004.6,,-1.8,12.69,0.0,37.7,Partially cloudy,33.3,
194.29,36.5,52.8,9.8,23.1,2022-02-21T00:00:00-07:00,8.1,,68.4,13.3,1645401600000,0.0,172.5,Light Snow,,999.6,,7.4,35.76,0.0,36.0,Partially cloudy,0.6,
217.46,5.5,11.2,5.3,14.0,2022-02-22T00:00:00-07:00,5.4,,92.0,0.6,1645488000000,0.07,115.8,"Blowing Or Drifting Snow, Heavy Snow, Light Snow, Mist, Precipitation In Vicinity, Fog",1.18,1020.5,,-3.2,66.97,41.67,26.4,"Rain, Overcast",-17.9,
134.79,0.4,5.1,4.6,17.1,2022-02-23T00:00:00-07:00,2.8,,91.6,-6.2,1645574400000,0.02,59.3,"Blowing Or Drifting Snow, Light Snow, Mist",1.49,1024.3,,-6.1,73.34,16.67,26.4,"Rain, Overcast",-25.4,
120.54,7.4,17.5,8.5,13.4,2022-02-24T00:00:00-07:00,6.5,,45.3,-3.5,1645660800000,0.02,137.8,"Blowing Or Drifting Snow, Light Snow, Mist",1.49,1020.3,,-0.4,69.87,16.67,17.2,"Rain, Partially cloudy",-17.4,
97.79,16.8,27.0,9.9,9.6,2022-02-25T00:00:00-07:00,9.6,,21.0,6.4,1645747200000,0.0,204.3,Light Snow,1.97,1026.7,,4.2,57.82,0.0,20.8,Clear,-5.6,
127.33,23.5,35.8,9.9,8.9,2022-02-26T00:00:00-07:00,10.9,,6.8,8.5,1645833600000,0.0,231.8,,1.18,1027.5,,2.5,44.36,0.0,17.2,Clear,0.2,
173.54,35.3,52.7,9.9,11.4,2022-02-27T00:00:00-07:00,11.8,,8.5,16.4,1645920000000,0.0,251.2,,,1025.8,,3.4,29.9,0.0,17.7,Clear,7.2,
202.29,43.4,56.7,9.9,12.0,2022-02-28T00:00:00-07:00,12.5,,38.6,30.5,1646006400000,0.0,267.5,,,1021.2,,8.7,25.48,0.0,19.5,Partially cloudy,22.5,
219.0,49.3,66.8,9.9,12.1,2022-03-01T00:00:00-07:00,13.0,,5.7,34.2,1646092800000,0.0,278.5,,,1018.9,,7.7,20.88,0.0,21.9,Clear,28.0,
165.42,53.1,68.9,9.9,16.1,2022-03-02T00:00:00-07:00,10.6,,16.4,38.9,1646179200000,0.0,227.0,,,1016.9,,14.7,24.28,0.0,24.2,Clear,33.6,
181.08,54.8,70.2,9.9,17.5,2022-03-03T00:00:00-07:00,12.3,,29.7,41.5,1646265600000,0.0,263.6,,,1011.5,,10.9,19.04,0.0,24.2,Partially cloudy,36.3,
193.92,50.1,63.8,9.9,18.5,2022-03-04T00:00:00-07:00,8.6,,52.2,41.1,1646352000000,0.01,184.5,"Squalls, Light Rain",,1003.2,,17.5,29.55,4.17,45.4,"Rain, Partially cloudy",37.7,
184.08,37.7,49.1,9.6,21.4,2022-03-05T00:00:00-07:00,10.4,,72.5,26.1,1646438400000,0.01,222.5,Light Snow,,1003.7,,21.8,54.71,4.17,36.9,"Rain, Partially cloudy",16.4,
158.83,20.9,25.3,6.2,13.0,2022-03-06T00:00:00-07:00,3.3,,98.5,17.0,1646524800000,0.07,71.5,"Light Snow, Mist, Light Rain And Snow, Fog, Light Freezing Drizzle/Freezing Rain, Snow",1.97,1018.5,,15.3,78.88,41.67,17.2,"Rain, Overcast",5.5,
151.96,17.1,20.5,5.7,13.0,2022-03-07T00:00:00-07:00,5.5,,95.4,13.9,1646611200000,0.03,118.0,"Light Snow, Snow",3.15,1025.2,,11.2,77.33,29.17,,"Rain, Overcast",3.4,
143.83,24.9,34.7,8.7,13.5,2022-03-08T00:00:00-07:00,13.9,,38.7,15.2,1646697600000,0.0,296.7,"Mist, Fog",1.18,1016.6,,9.4,55.39,0.0,25.2,Partially cloudy,8.8,
159.83,19.8,30.5,8.1,16.4,2022-03-09T00:00:00-07:00,5.5,,64.7,9.3,1646784000000,0.03,118.0,Light Snow,1.18,1012.0,,8.8,62.04,12.5,27.7,"Rain, Partially cloudy",-4.6,
146.79,10.5,15.9,6.0,10.2,2022-03-10T00:00:00-07:00,3.0,,91.4,3.3,1646870400000,0.05,64.0,"Light Snow, Mist",1.97,1021.2,,3.2,72.09,12.5,,"Rain, Overcast",-8.9,
154.58,17.7,30.3,9.8,8.7,2022-03-11T00:00:00-07:00,15.2,,10.8,4.5,1646956800000,0.0,324.8,Mist,1.18,1025.0,,6.8,62.8,0.0,,Clear,-7.7,
234.5,40.7,58.9,9.9,12.9,2022-03-12T00:00:00-07:00,15.7,,13.0,18.4,1647043200000,0.0,334.9,,,1017.7,,13.8,36.85,0.0,31.1,Clear,10.0,
205.43,47.4,62.9,9.9,22.0,2022-03-13T00:00:00-07:00,16.8,,31.8,30.9,1647129600000,0.0,333.7,,,1006.5,,15.8,32.15,0.0,34.4,Partially cloudy,24.3,
279.88,41.8,52.8,9.9,23.0,2022-03-14T00:00:00-06:00,16.6,,32.2,33.1,1647216000000,0.0,329.7,Light Snow,,1016.2,,17.6,41.96,4.17,40.3,Partially cloudy,23.5,
141.83,46.7,66.1,9.9,14.8,2022-03-15T00:00:00-06:00,17.4,,12.3,27.0,1647302400000,0.0,344.9,,,1017.2,,13.5,32.01,0.0,28.0,Clear,19.6,
178.25,47.8,53.5,9.8,15.1,2022-03-16T00:00:00-06:00,10.1,,70.7,39.5,1647388800000,0.05,200.2,Light Rain,,1007.8,,20.5,36.65,8.33,32.2,"Rain, Partially cloudy",34.5,
316.54,32.5,37.4,6.4,23.9,2022-03-17T00:00:00-06:00,3.4,,93.7,28.2,1647475200000,0.23,73.3,"Light Snow, Mist, Light Rain And Snow, Light Rain",1.97,1016.0,,26.6,79.1,50.0,36.6,"Rain, Overcast",17.6,
194.63,34.9,48.5,9.9,8.7,2022-03-18T00:00:00-06:00,17.2,,33.4,22.9,1647561600000,0.0,341.1,,,1018.8,,13.9,46.07,0.0,,Partially cloudy,14.7,
143.79,42.4,56.6,9.9,17.3,2022-03-19T00:00:00-06:00,16.4,,27.3,29.4,1647648000000,0.0,325.9,,,1016.3,,13.6,33.41,0.0,24.2,Partially cloudy,22.5,
140.04,48.6,61.6,9.9,19.7,2022-03-20T00:00:00-06:00,13.1,,43.9,36.0,1647734400000,0.0,260.9,,,1005.4,,12.6,25.42,0.0,33.3,Partially cloudy,32.4,
330.13,35.7,46.2,9.1,30.7,2022-03-21T00:00:00-06:00,5.9,,89.6,30.3,1647820800000,0.0,126.2,Light Snow,,1009.9,,20.9,56.41,4.17,44.7,Overcast,16.6,
333.79,32.2,39.5,9.4,34.4,2022-03-22T00:00:00-06:00,9.7,,77.5,26.4,1647907200000,0.0,192.6,"Light Snow, Precipitation In Vicinity",,1019.5,,15.4,50.13,0.0,49.2,Overcast,11.9,
329.13,38.8,50.0,9.9,40.2,2022-03-23T00:00:00-06:00,18.8,,22.2,27.3,1647993600000,0.0,373.9,,,1017.3,,8.2,31.15,0.0,59.0,Clear,17.4,
262.79,48.2,63.1,9.9,25.8,2022-03-24T00:00:00-06:00,15.6,,15.1,31.3,1648080000000,0.0,309.0,,,1013.5,,13.7,26.63,0.0,35.9,Clear,27.5,
208.04,46.5,53.9,9.9,18.8,2022-03-25T00:00:00-06:00,18.4,,13.1,37.8,1648166400000,0.0,366.0,,,1017.8,,25.1,44.53,0.0,29.9,Clear,29.9,
240.83,57.6,75.5,9.9,21.4,2022-03-26T00:00:00-06:00,14.6,,47.9,36.9,1648252800000,0.0,290.1,,,1011.6,,19.3,27.58,0.0,35.6,Partially cloudy,31.0,
142.38,51.6,61.1,9.9,11.7,2022-03-27T00:00:00-06:00,12.0,,63.3,39.9,1648339200000,0.0,238.4,,,1008.9,,26.3,38.76,0.0,20.8,Partially cloudy,38.9,
156.88,58.5,74.4,9.9,16.6,2022-03-28T00:00:00-06:00,15.7,,58.2,40.6,1648425600000,0.0,312.3,,,1003.2,,15.4,25.08,0.0,32.2,Partially cloudy,36.7,
236.88,47.7,56.1,9.2,21.6,2022-03-29T00:00:00-06:00,5.2,,82.2,35.4,1648512000000,0.13,104.0,"Lightning Without Thunder, Light Snow, Precipitation In Vicinity, Light Rain And Snow, Rain Showers, Light Rain",,994.9,,28.7,52.94,29.17,47.2,"Rain, Overcast",24.9,
295.42,34.2,43.1,8.9,22.1,2022-03-30T00:00:00-06:00,9.4,,73.9,28.4,1648598400000,0.07,187.2,"Ice, Light Snow, Precipitation In Vicinity",,1008.0,,23.6,65.69,25.0,34.5,"Rain, Partially cloudy",16.8,
188.75,43.9,57.8,9.9,18.6,2022-03-31T00:00:00-06:00,19.4,,31.9,28.1,1648684800000,0.0,384.9,Precipitation In Vicinity,,1009.6,,14.7,35.17,0.0,26.7,Partially cloudy,21.1,
230.29,45.6,55.8,9.9,18.6,2022-04-01T00:00:00-06:00,17.7,,50.9,36.6,1648771200000,0.0,350.3,,,1009.1,,22.4,40.33,0.0,28.9,Partially cloudy,31.2,
189.08,49.4,68.2,9.9,22.3,2022-04-02T00:00:00-06:00,19.9,,24.4,29.2,1648857600000,0.0,394.2,,,1013.7,,20.5,37.5,0.0,34.6,Clear,22.0,
299.0,47.2,54.5,9.9,20.7,2022-04-03T00:00:00-06:00,7.0,,71.9,40.7,1648944000000,0.02,138.5,"Rain, Rain Showers, Heavy Rain, Light Rain",,1012.0,,26.9,47.11,16.67,34.9,"Rain, Partially cloudy",33.8,
153.21,47.5,62.4,9.8,18.1,2022-04-04T00:00:00-06:00,12.7,,80.3,36.4,1649030400000,0.0,251.4,,,1008.0,,28.9,57.7,0.0,37.9,Overcast,30.7,
151.54,55.3,66.7,9.9,33.1,2022-04-05T00:00:00-06:00,19.9,,40.5,36.1,1649116800000,0.01,395.4,,,996.6,,19.7,25.53,4.17,51.6,"Rain, Partially cloudy",28.7,
305.21,37.7,47.3,9.9,29.8,2022-04-06T00:00:00-06:00,22.1,,18.1,29.9,1649203200000,0.0,438.6,,,1017.4,,-3.3,19.74,0.0,44.5,Clear,18.7,
243.46,39.1,52.3,9.9,26.5,2022-04-07T00:00:00-06:00,21.6,,8.9,25.1,1649289600000,0.0,428.4,,,1025.8,,4.8,24.76,0.0,37.7,Clear,16.8,
206.08,45.6,62.7,9.9,11.8,2022-04-08T00:00:00-06:00,22.0,,2.9,26.2,1649376000000,0.0,436.1,,,1021.4,,7.7,23.46,0.0,30.0,Clear,19.3,
171.29,60.0,77.4,9.9,16.8,2022-04-09T00:00:00-06:00,17.9,,43.7,41.4,1649462400000,0.0,354.9,,,1003.2,,7.5,14.42,0.0,34.0,Partially cloudy,37.6,
235.96,50.2,63.3,9.9,30.4,2022-04-10T00:00:00-06:00,22.5,,49.5,38.6,1649548800000,0.0,445.9,Squalls,,999.0,,11.4,31.71,0.0,43.4,Partially cloudy,31.5,
153.5,48.3,65.2,9.9,25.5,2022-04-11T00:00:00-06:00,21.9,,39.7,30.0,1649635200000,0.0,435.5,,,1000.7,,10.4,22.11,0.0,37.9,Partially cloudy,21.6,
209.21,52.6,60.2,9.7,35.7,2022-04-12T00:00:00-06:00,16.7,,54.5,33.1,1649721600000,0.01,331.1,,,990.2,,18.6,27.05,8.33,50.5,"Rain, Partially cloudy",23.7,
150.33,33.1,42.6,9.9,26.4,2022-04-13T00:00:00-06:00,15.3,,64.5,25.4,1649808000000,0.0,283.5,,,1009.8,,2.5,30.64,0.0,41.8,Partially cloudy,17.3,
182.17,42.2,60.8,9.9,21.2,2022-04-14T00:00:00-06:00,22.9,,29.6,23.4,1649894400000,0.0,455.0,,,1012.4,,1.5,20.94,0.0,36.4,Partially cloudy,16.1,
203.88,52.3,69.4,9.9,26.8,2022-04-15T00:00:00-06:00,23.2,,37.4,36.0,1649980800000,0.0,428.9,,,1006.0,,9.1,19.09,0.0,39.5,Partially cloudy,33.1,
142.46,39.9,51.9,9.9,25.3,2022-04-16T00:00:00-06:00,21.1,,34.0,27.0,1650067200000,0.0,389.9,,,1015.0,,16.1,39.06,0.0,34.5,Partially cloudy,16.9,
164.67,51.5,70.5,9.9,21.2,2022-04-17T00:00:00-06:00,22.9,,21.9,31.3,1650153600000,0.0,423.3,,,1013.2,,18.6,32.37,0.0,47.2,Clear,24.0,
115.75,43.1,54.7,9.9,22.1,2022-04-18T00:00:00-06:00,22.7,,9.4,30.5,1650240000000,0.0,420.3,,,1020.2,,22.0,44.32,0.0,32.6,Clear,21.5,
169.96,57.4,80.7,9.9,21.7,2022-04-19T00:00:00-06:00,19.7,78.6,43.7,33.4,1650326400000,0.0,364.4,,,1003.8,,19.9,34.77,0.0,36.3,Partially cloudy,27.8,
187.75,61.3,71.8,9.9,22.9,2022-04-20T00:00:00-06:00,25.1,,32.8,47.5,1650412800000,0.0,465.1,,,1001.7,,21.9,22.68,0.0,32.8,Partially cloudy,42.1,
140.67,58.1,73.5,9.9,24.2,2022-04-21T00:00:00-06:00,23.0,,20.0,43.9,1650499200000,0.0,398.7,,,1009.7,,31.6,38.63,0.0,32.5,Clear,42.5,
158.75,66.1,82.1,9.4,38.1,2022-04-22T00:00:00-06:00,24.4,79.6,25.0,52.6,1650585600000,0.0,452.5,"Blowing Or Drifting Snow, Smoke Or Haze",,996.2,,17.3,18.32,0.0,58.2,Clear,,
212.42,51.9,62.5,9.9,25.3,2022-04-23T00:00:00-06:00,26.5,,55.3,45.1,1650672000000,0.0,459.3,Squalls,,997.7,,12.2,21.22,0.0,62.2,Partially cloudy,38.4,
148.38,42.1,50.9,9.8,11.7,2022-04-24T00:00:00-06:00,13.0,,76.6,35.7,1650758400000,0.01,239.9,"Light Snow, Light Rain And Snow, Rain Showers, Light Rain",,1016.0,,23.0,48.77,8.33,25.3,"Rain, Overcast",29.9,
168.58,41.5,50.9,9.8,12.7,2022-04-25T00:00:00-06:00,25.4,,59.8,32.2,1650844800000,0.0,440.9,Rain Showers,,1024.3,,20.9,45.49,4.17,28.2,Partially cloudy,24.2,
139.71,51.0,69.4,9.9,17.2,2022-04-26T00:00:00-06:00,26.8,,30.9,30.6,1650931200000,0.0,464.6,,,1018.4,,21.2,37.03,0.0,28.2,Partially cloudy,26.7,
199.63,58.8,74.5,9.9,25.0,2022-04-27T00:00:00-06:00,15.6,,53.2,44.3,1651017600000,0.0,270.8,,,1009.2,,23.5,27.06,4.17,40.6,Partially cloudy,39.4,
159.04,61.6,76.5,9.9,17.1,2022-04-28T00:00:00-06:00,21.6,,28.3,45.4,1651104000000,0.0,374.6,,,1005.0,,18.5,23.29,0.0,23.8,Partially cloudy,41.5,
303.58,57.8,68.2,9.9,30.9,2022-04-29T00:00:00-06:00,23.4,,19.1,48.4,1651190400000,0.0,406.1,,,999.5,,9.9,16.14,0.0,47.4,Clear,42.5,
199.88,52.7,63.0,9.9,18.0,2022-04-30T00:00:00-06:00,25.6,,4.9,39.2,1651276800000,0.0,443.9,,,1011.5,,10.4,18.52,0.0,34.0,Clear,32.5,
173.17,51.0,62.8,9.9,21.1,2022-05-01T00:00:00-06:00,24.2,,44.5,37.5,1651363200000,0.0,419.3,,,1009.4,,22.9,34.84,0.0,33.1,Partially cloudy,30.1,
255.54,45.2,52.4,9.9,32.4,2022-05-02T00:00:00-06:00,16.9,,59.5,35.9,1651449600000,0.0,293.6,"Rain Showers, Light Rain",,1007.9,,32.3,61.16,0.0,42.5,Partially cloudy,29.0,
143.42,44.8,58.2,8.8,20.4,2022-05-03T00:00:00-06:00,21.2,,71.6,32.2,1651536000000,0.0,367.2,"Mist, Fog",,1010.2,,30.4,61.24,0.0,34.3,Partially cloudy,25.3,
214.29,44.4,51.9,9.6,23.9,2022-05-04T00:00:00-06:00,5.1,,91.2,40.7,1651622400000,0.21,88.5,"Rain Showers, Light Rain",,1010.2,,36.2,73.55,37.5,34.7,"Rain, Overcast",32.3,
264.79,53.4,69.5,9.9,10.7,2022-05-05T00:00:00-06:00,19.8,,55.5,39.4,1651708800000,0.0,343.6,,,1012.2,,32.2,49.4,0.0,25.3,Partially cloudy,34.9,
165.46,63.3,79.2,9.8,13.1,2022-05-06T00:00:00-06:00,17.9,,54.2,44.3,1651795200000,0.0,310.7,Smoke Or Haze,,1007.3,,27.4,32.34,0.0,28.9,Partially cloudy,40.8,
226.04,69.2,87.4,9.9,24.3,2022-05-07T00:00:00-06:00,21.7,83.8,44.8,53.4,1651881600000,0.0,377.1,,,998.5,,23.8,21.08,0.0,38.0,Partially cloudy,,
196.08,61.5,76.4,9.6,33.1,2022-05-08T00:00:00-06:00,25.7,,34.1,47.0,1651968000000,0.0,445.6,Blowing Or Drifting Snow,,995.7,,29.8,34.8,0.0,46.4,Partially cloudy,43.7,
221.29,69.8,82.1,8.3,31.1,2022-05-09T00:00:00-06:00,25.7,79.7,25.2,58.1,1652054400000,0.0,445.6,"Blowing Or Drifting Snow, Smoke Or Haze",,992.1,,15.5,14.3,0.0,49.4,Partially cloudy,,
221.21,58.4,72.1,9.9,21.7,2022-05-10T00:00:00-06:00,26.4,,15.2,43.3,1652140800000,0.0,458.1,,,1009.4,,26.0,31.08,0.0,30.0,Clear,39.7,
164.83,68.9,88.2,9.9,28.4,2022-05-11T00:00:00-06:00,24.6,84.7,34.0,46.5,1652227200000,0.0,427.9,,,1008.1,,17.6,20.75,0.0,40.6,Partially cloudy,42.9,
215.83,67.3,75.8,9.9,32.7,2022-05-12T00:00:00-06:00,26.7,,18.7,59.6,1652313600000,0.0,463.6,,,1003.1,,-1.3,7.23,0.0,48.9,Clear,,
211.29,61.0,74.6,9.9,22.8,2022-05-13T00:00:00-06:00,27.7,,32.9,44.6,1652400000000,0.0,481.2,,,1012.6,,8.9,14.97,0.0,38.9,Partially cloudy,39.3,
194.38,67.4,78.8,9.9,16.5,2022-05-14T00:00:00-06:00,27.9,,47.5,57.4,1652486400000,0.0,483.8,,,1011.4,,11.6,11.47,0.0,27.1,Partially cloudy,,
197.75,66.0,77.7,9.9,19.7,2022-05-15T00:00:00-06:00,22.8,,29.8,50.7,1652572800000,0.0,395.0,,,1014.8,,25.3,21.81,0.0,27.9,Partially cloudy,,
139.54,64.6,78.1,9.9,15.6,2022-05-16T00:00:00-06:00,16.0,,49.5,45.8,1652659200000,0.0,277.9,Lightning Without Thunder,,1010.9,,30.9,30.41,0.0,42.5,Partially cloudy,42.9,
175.83,70.8,85.2,9.9,22.4,2022-05-17T00:00:00-06:00,13.4,82.1,46.4,53.8,1652745600000,0.0,247.6,,,1006.6,,21.6,19.34,0.0,43.7,Partially cloudy,,
193.75,65.0,76.0,9.9,21.0,2022-05-18T00:00:00-06:00,14.0,,46.9,54.1,1652832000000,0.02,242.8,"Lightning Without Thunder, Thunderstorm, Light Rain",,1011.7,,38.3,38.45,12.5,33.3,"Rain, Partially cloudy",,
163.08,68.3,86.6,9.9,24.0,2022-05-19T00:00:00-06:00,18.7,83.3,51.0,45.9,1652918400000,0.0,325.1,,,998.5,,26.1,29.34,0.0,38.3,Partially cloudy,40.9,
151.96,37.6,47.0,5.4,25.3,2022-05-20T00:00:00-06:00,4.8,,84.5,31.2,1653004800000,0.49,89.4,"Mist, Light Snow, Light Drizzle, Rain, Heavy Rain And Snow, Light Rain And Snow, Fog, Heavy Rain, Light Rain, Snow",3.94,1007.2,,32.5,82.72,62.5,36.7,"Rain, Overcast",23.2,
194.58,31.6,35.3,4.8,9.9,2022-05-21T00:00:00-06:00,11.2,,96.9,29.0,1653091200000,0.42,207.5,"Light Snow, Mist, Fog, Snow",9.06,1024.8,,28.1,87.03,66.67,,"Rain, Overcast",24.5,
193.92,37.7,44.0,8.0,13.4,2022-05-22T00:00:00-06:00,6.8,,97.8,32.4,1653177600000,0.05,118.8,"Mist, Light Snow, Light Rain",3.15,1023.9,,32.8,82.87,29.17,28.3,"Rain, Overcast",25.2,
195.71,45.4,56.3,9.4,16.1,2022-05-23T00:00:00-06:00,9.9,,95.9,38.4,1653264000000,0.08,171.1,"Mist, Light Drizzle, Rain Showers, Light Rain",,1014.7,,37.0,73.63,29.17,26.8,"Rain, Overcast",32.4,
252.08,45.1,54.6,9.5,15.5,2022-05-24T00:00:00-06:00,11.7,,95.7,39.9,1653350400000,0.25,203.9,"Lightning Without Thunder, Precipitation In Vicinity, Rain, Thunderstorm, Heavy Rain, Light Rain",,1013.0,,34.9,69.29,37.5,25.3,"Rain, Overcast",32.7,
256.96,52.6,66.8,9.9,19.6,2022-05-25T00:00:00-06:00,23.5,,19.8,38.8,1653436800000,0.0,407.8,,,1012.7,,30.0,46.75,0.0,32.8,Clear,32.8,
155.75,62.5,75.9,9.9,12.8,2022-05-26T00:00:00-06:00,25.0,,17.9,45.4,1653523200000,0.0,434.4,,,1013.7,,31.5,34.25,0.0,24.2,Clear,41.1,
192.92,69.5,84.9,9.7,32.3,2022-05-27T00:00:00-06:00,24.1,81.8,51.3,51.2,1653609600000,0.0,418.9,Smoke Or Haze,,1010.5,,29.7,26.67,0.0,48.8,Partially cloudy,,
253.75,69.2,83.9,9.9,21.1,2022-05-28T00:00:00-06:00,13.8,81.1,48.4,54.9,1653696000000,0.0,238.8,,,1002.3,,22.8,20.92,0.0,34.9,Partially cloudy,,
191.63,63.8,78.3,9.9,22.4,2022-05-29T00:00:00-06:00,26.4,,40.3,53.3,1653782400000,0.0,458.4,Lightning Without Thunder,,993.7,,30.4,30.2,0.0,42.3,Partially cloudy,,
273.5,58.4,66.5,9.9,21.4,2022-05-30T00:00:00-06:00,24.6,,45.8,51.3,1653868800000,0.01,427.6,,,1000.0,,18.6,23.45,4.17,39.1,"Rain, Partially cloudy",,
214.08,53.5,65.8,9.9,22.7,2022-05-31T00:00:00-06:00,25.8,,68.4,42.6,1653955200000,0.03,447.9,Light Rain,,1011.7,,29.1,41.83,4.17,32.1,"Rain, Partially cloudy",33.4,
184.83,44.6,50.1,8.0,17.6,2022-06-01T00:00:00-06:00,7.2,,98.3,39.7,1654041600000,0.47,124.3,"Mist, Light Snow, Light Drizzle, Rain, Light Rain And Snow, Heavy Rain, Light Rain",,1020.6,,40.7,86.92,45.83,28.8,"Rain, Overcast",31.8,
156.38,52.5,60.8,9.4,12.2,2022-06-02T00:00:00-06:00,8.4,,87.8,45.8,1654128000000,0.02,145.6,"Drizzle, Mist, Heavy Drizzle, Light Drizzle",,1018.2,,44.9,76.86,8.33,,"Rain, Overcast",42.0,
168.96,56.7,66.8,9.1,12.5,2022-06-03T00:00:00-06:00,5.5,,78.9,48.6,1654214400000,0.02,94.9,"Lightning Without Thunder, Mist, Thunderstorm",,1011.8,,47.6,73.94,4.17,24.2,"Rain, Overcast",46.5,
201.92,66.3,80.9,9.9,16.6,2022-06-04T00:00:00-06:00,19.5,78.9,45.4,47.4,1654300800000,0.0,339.3,,,1006.8,,36.9,42.6,0.0,37.0,Partially cloudy,44.5,
225.92,68.6,78.1,9.9,14.5,2022-06-05T00:00:00-06:00,19.4,,69.3,56.5,1654387200000,0.0,337.6,,,1004.8,,37.0,34.53,0.0,25.3,Partially cloudy,,
156.08,62.9,73.7,9.8,25.1,2022-06-06T00:00:00-06:00,9.8,,58.0,51.1,1654473600000,0.19,170.5,"Lightning Without Thunder, Rain, Thunderstorm, Heavy Rain, Light Rain",,1008.5,,46.6,56.9,25.0,40.3,"Rain, Partially cloudy",,
172.92,64.6,78.3,9.9,22.6,2022-06-07T00:00:00-06:00,18.7,,53.6,52.3,1654560000000,0.0,324.4,"Lightning Without Thunder, Precipitation In Vicinity, Thunderstorm",,1010.2,,50.4,63.09,0.0,39.1,Partially cloudy,,
220.88,62.0,71.5,9.9,28.1,2022-06-08T00:00:00-06:00,24.4,,50.8,53.6,1654646400000,0.0,424.0,,,1015.6,,38.3,43.27,0.0,44.4,Partially cloudy,,
197.54,67.7,81.2,9.9,12.9,2022-06-09T00:00:00-06:00,11.1,79.4,66.5,52.8,1654732800000,0.01,193.1,"Lightning Without Thunder, Thunderstorm, Light Rain",,1011.8,,45.0,49.74,4.17,31.1,"Rain, Partially cloudy",,
191.96,73.1,84.5,9.9,16.4,2022-06-10T00:00:00-06:00,24.8,82.0,35.1,61.1,1654819200000,0.0,429.7,,,1014.0,,46.0,39.22,0.0,20.8,Partially cloudy,,
192.29,79.5,93.1,9.9,12.5,2022-06-11T00:00:00-06:00,27.8,88.7,32.9,60.4,1654905600000,0.0,482.7,"Lightning Without Thunder, Thunderstorm",,1008.6,,39.9,29.16,0.0,27.7,Partially cloudy,,
203.79,79.3,92.9,9.9,28.0,2022-06-12T00:00:00-06:00,19.2,88.4,48.3,62.7,1654992000000,0.0,332.9,Lightning Without Thunder,,1004.4,,35.7,24.21,0.0,40.8,Partially cloudy,,
212.75,81.3,93.0,9.8,21.8,2022-06-13T00:00:00-06:00,24.8,88.5,11.6,66.3,1655078400000,0.0,430.8,,,999.3,,24.5,13.8,0.0,33.9,Clear,,
214.63,70.7,81.4,9.9,21.8,2022-06-14T00:00:00-06:00,19.4,79.5,27.0,53.6,1655164800000,0.0,336.8,,,1001.3,,34.5,28.3,0.0,32.4,Partially cloudy,,
218.75,67.5,83.4,9.9,23.0,2022-06-15T00:00:00-06:00,28.8,80.7,6.3,52.6,1655251200000,0.0,499.9,,,1009.7,,36.9,35.25,0.0,33.9,Clear,,
145.08,73.3,89.0,9.9,19.0,2022-06-16T00:00:00-06:00,24.9,85.3,6.4,52.4,1655337600000,0.0,431.5,,,1014.5,,42.0,36.34,0.0,29.1,Clear,,
203.54,78.2,91.7,9.9,25.4,2022-06-17T00:00:00-06:00,23.8,87.5,34.6,64.1,1655424000000,0.0,413.6,,,1011.4,,44.1,33.81,0.0,39.7,Partially cloudy,,
153.29,74.1,87.8,9.9,25.8,2022-06-18T00:00:00-06:00,16.0,84.3,56.4,58.4,1655510400000,0.0,277.1,"Lightning Without Thunder, Light Rain",,1010.1,,44.2,36.1,0.0,44.8,Partially cloudy,,
177.67,73.1,82.4,9.9,24.0,2022-06-19T00:00:00-06:00,15.8,80.4,71.0,61.9,1655596800000,0.0,273.9,Rain Showers,,1009.8,,42.3,34.34,0.0,37.4,Partially cloudy,,
161.71,71.1,83.7,9.9,23.3,2022-06-20T00:00:00-06:00,16.6,80.8,60.2,58.4,1655683200000,0.0,270.5,,,1010.6,,35.1,32.08,0.0,37.1,Partially cloudy,,
174.75,63.0,69.4,9.9,15.5,2022-06-21T00:00:00-06:00,16.7,,62.0,53.0,1655769600000,0.0,272.2,,,1022.2,,28.9,28.79,0.0,29.7,Partially cloudy,,
123.33,62.8,75.9,9.9,13.5,2022-06-22T00:00:00-06:00,17.6,,52.2,45.4,1655856000000,0.0,306.3,,,1022.6,,38.8,44.39,0.0,21.9,Partially cloudy,41.6,
182.58,72.8,86.3,9.9,14.2,2022-06-23T00:00:00-06:00,20.2,82.9,52.8,53.3,1655942400000,0.0,349.9,,,1010.3,,37.1,31.31,0.0,32.6,Partially cloudy,,
224.79,74.7,84.3,9.9,25.3,2022-06-24T00:00:00-06:00,16.3,81.3,58.0,64.6,1656028800000,0.0,283.7,Rain Showers,,1008.7,,36.7,26.23,0.0,33.3,Partially cloudy,,
241.29,64.0,71.9,9.6,24.8,2022-06-25T00:00:00-06:00,18.2,,76.6,55.9,1656115200000,0.37,316.7,"Lightning Without Thunder, Mist, Thunderstorm, Rain, Rain Showers, Heavy Rain, Light Rain",,1017.3,,45.5,53.98,16.67,36.6,"Rain, Overcast",,
158.88,56.3,60.2,8.4,15.7,2022-06-26T00:00:00-06:00,9.3,,97.1,52.1,1656201600000,0.12,160.8,"Mist, Rain Showers, Light Rain",,1026.1,,50.1,80.32,29.17,,"Rain, Overcast",,
144.75,61.3,72.5,9.8,17.3,2022-06-27T00:00:00-06:00,20.3,,72.1,52.8,1656288000000,0.0,353.0,,,1025.0,,50.5,69.89,0.0,21.9,Partially cloudy,,
167.38,69.9,86.5,9.9,16.6,2022-06-28T00:00:00-06:00,22.9,83.1,32.0,51.3,1656374400000,0.0,398.3,,,1019.8,,42.5,46.17,0.0,26.3,Partially cloudy,,
138.75,74.1,90.4,9.9,19.0,2022-06-29T00:00:00-06:00,20.8,86.3,49.7,53.3,1656460800000,0.0,361.8,"Lightning Without Thunder, Thunderstorm, Light Rain",,1015.3,,39.3,32.72,0.0,34.9,Partially cloudy,,
228.13,70.2,86.3,9.9,25.0,2022-06-30T00:00:00-06:00,11.2,83.2,83.2,63.0,1656547200000,0.05,194.1,"Thunderstorm, Rain Showers, Light Rain",,1014.6,,49.4,50.88,12.5,39.0,"Rain, Overcast",,
215.29,64.2,77.4,9.9,20.9,2022-07-01T00:00:00-06:00,14.4,,70.9,54.9,1656633600000,0.08,250.8,"Lightning Without Thunder, Rain Showers, Light Rain",,1017.3,,51.3,65.21,25.0,42.5,"Rain, Partially cloudy",,
168.79,66.9,83.5,9.9,14.8,2022-07-02T00:00:00-06:00,20.0,81.1,50.1,55.2,1656720000000,0.02,347.1,"Lightning Without Thunder, Rain Showers, Light Rain",,1015.2,,50.5,60.21,12.5,20.8,"Rain, Partially cloudy",,
185.25,69.1,86.0,9.9,15.7,2022-07-03T00:00:00-06:00,15.1,83.3,73.0,55.7,1656806400000,0.08,262.8,"Lightning Without Thunder, Rain Showers",,1011.9,,51.5,56.93,8.33,23.0,"Rain, Partially cloudy",,
168.21,75.0,89.4,9.9,17.5,2022-07-04T00:00:00-06:00,17.7,85.7,55.2,58.7,1656892800000,0.06,306.8,"Lightning Without Thunder, Rain Showers, Light Rain",,1009.9,,46.7,41.35,8.33,33.9,"Rain, Partially cloudy",,
259.46,74.4,87.1,9.9,16.4,2022-07-05T00:00:00-06:00,12.9,83.8,66.7,61.3,1656979200000,0.0,223.9,Rain Showers,,1010.6,,47.1,39.87,0.0,24.2,Partially cloudy,,
154.79,70.7,82.6,9.9,23.7,2022-07-06T00:00:00-06:00,21.0,81.0,66.4,61.0,1657065600000,0.03,363.8,"Lightning Without Thunder, Thunderstorm, Light Rain",,1013.0,,52.2,54.33,8.33,35.4,"Rain, Partially cloudy",,
164.54,71.0,86.8,9.8,15.7,2022-07-07T00:00:00-06:00,17.4,83.6,60.1,58.0,1657152000000,0.02,284.9,"Lightning Without Thunder, Rain, Thunderstorm, Heavy Rain",,1015.6,,51.7,56.89,8.33,43.1,"Rain, Partially cloudy",,
163.21,74.3,88.7,9.9,23.6,2022-07-08T00:00:00-06:00,17.9,85.3,53.8,56.9,1657238400000,0.0,311.3,Lightning Without Thunder,,1019.1,,51.0,47.55,4.17,37.9,Partially cloudy,,
144.92,79.0,94.6,9.9,17.6,2022-07-09T00:00:00-06:00,20.6,90.4,31.9,58.4,1657324800000,0.0,357.7,Thunderstorm,,1018.5,,48.4,39.89,4.17,32.2,Partially cloudy,,
191.33,78.0,95.5,9.9,36.6,2022-07-10T00:00:00-06:00,18.4,90.8,53.4,61.5,1657411200000,0.05,319.6,"Lightning Without Thunder, Thunderstorm, Light Rain",,1015.6,,45.4,36.99,20.83,53.6,"Rain, Partially cloudy",,
179.38,69.0,75.4,9.9,32.4,2022-07-11T00:00:00-06:00,15.9,,65.7,62.0,1657497600000,0.01,276.3,"Lightning Without Thunder, Rain Showers",,1017.5,,50.1,51.34,4.17,44.0,"Rain, Partially cloudy",,
141.33,70.0,83.7,9.9,16.4,2022-07-12T00:00:00-06:00,19.6,81.2,36.1,54.6,1657584000000,0.0,340.1,Lightning Without Thunder,,1017.7,,47.9,50.17,0.0,28.0,Partially cloudy,,
191.33,76.7,94.1,9.9,11.0,2022-07-13T00:00:00-06:00,20.6,89.6,57.6,54.3,1657670400000,0.0,357.1,,,1014.6,,40.6,33.35,0.0,28.9,Partially cloudy,,
220.67,78.1,92.8,9.9,25.5,2022-07-14T00:00:00-06:00,19.1,88.6,55.6,65.2,1657756800000,0.04,332.1,"Lightning Without Thunder, Thunderstorm, Rain Showers, Light Rain",,1014.7,,42.8,30.24,8.33,39.1,"Rain, Partially cloudy",,
234.67,77.6,94.3,9.9,19.4,2022-07-15T00:00:00-06:00,13.3,90.3,64.9,61.5,1657843200000,0.06,230.9,"Lightning Without Thunder, Light Rain",,1016.1,,48.7,40.11,12.5,31.1,"Rain, Partially cloudy",,
241.04,73.7,87.8,9.9,19.1,2022-07-16T00:00:00-06:00,17.2,85.2,60.7,63.4,1657929600000,0.08,297.8,"Lightning Without Thunder, Thunderstorm, Rain Showers, Light Rain",,1016.6,,55.2,55.37,16.67,31.1,"Rain, Partially cloudy",,
162.88,76.6,91.0,9.9,15.1,2022-07-17T00:00:00-06:00,26.1,87.4,26.2,60.0,1658016000000,0.0,453.7,,,1015.7,,49.4,44.63,0.0,23.6,Partially cloudy,,
126.5,76.2,92.5,9.9,16.2,2022-07-18T00:00:00-06:00,12.7,88.7,57.4,61.8,1658102400000,0.1,220.9,"Lightning Without Thunder, Thunderstorm, Rain Showers, Light Rain",,1012.8,,50.4,42.98,8.33,44.7,"Rain, Partially cloudy",,
259.17,80.3,93.5,9.9,22.8,2022-07-19T00:00:00-06:00,14.6,89.4,75.5,70.6,1658188800000,0.03,253.8,"Lightning Without Thunder, Squalls, Thunderstorm, Light Rain",,1011.4,,47.7,34.06,12.5,70.2,"Rain, Overcast",,
186.17,73.4,88.7,9.8,18.0,2022-07-20T00:00:00-06:00,15.7,86.2,71.2,63.6,1658275200000,0.57,272.3,"Lightning Without Thunder, Thunderstorm, Light Rain",,1014.7,,53.8,53.49,29.17,40.3,"Rain, Partially cloudy",,
155.21,75.6,88.6,9.9,15.7,2022-07-21T00:00:00-06:00,21.0,85.5,34.4,58.5,1658361600000,0.04,364.9,"Lightning Without Thunder, Thunderstorm",,1013.7,,49.1,43.59,4.17,26.7,"Rain, Partially cloudy",,
258.17,78.3,92.2,9.9,23.6,2022-07-22T00:00:00-06:00,12.8,88.2,28.1,62.4,1658448000000,0.02,222.9,"Lightning Without Thunder, Light Rain",,1011.6,,43.7,32.77,4.17,41.1,"Rain, Partially cloudy",,
165.83,76.2,95.4,9.9,29.8,2022-07-23T00:00:00-06:00,16.9,91.0,56.3,62.0,1658534400000,0.01,292.9,"Lightning Without Thunder, Rain Showers, Light Rain",,1011.2,,47.0,39.16,8.33,44.1,"Rain, Partially cloudy",,
186.75,70.0,84.9,9.6,17.2,2022-07-24T00:00:00-06:00,20.4,82.9,70.8,61.0,1658620800000,0.49,353.4,"Lightning Without Thunder, Mist, Thunderstorm, Rain Showers, Light Rain",,1015.8,,55.5,64.15,16.67,39.1,"Rain, Partially cloudy",,
142.5,68.0,83.4,9.4,21.6,2022-07-25T00:00:00-06:00,15.2,83.0,85.4,61.1,1658707200000,0.27,264.6,"Lightning Without Thunder, Mist, Thunderstorm, Rain Showers, Light Rain",,1014.8,,59.1,76.72,33.33,32.9,"Rain, Overcast",,
172.88,70.2,86.6,9.2,20.2,2022-07-26T00:00:00-06:00,20.0,84.1,77.1,59.5,1658793600000,1.24,347.8,"Lightning Without Thunder, Mist, Thunderstorm, Rain, Rain Showers, Heavy Rain, Light Rain",,1013.8,,55.5,66.66,25.0,37.8,"Rain, Overcast",,
182.08,71.5,84.4,9.9,17.7,2022-07-27T00:00:00-06:00,25.3,82.5,65.1,59.2,1658880000000,0.19,439.6,"Rain Showers, Light Rain",,1014.9,,56.4,62.64,16.67,24.2,"Rain, Partially cloudy",,
187.46,65.6,70.2,9.9,23.0,2022-07-28T00:00:00-06:00,6.0,,92.4,60.6,1658966400000,0.0,104.8,"Rain Showers, Light Rain",,1017.9,,54.7,68.16,4.17,36.8,Overcast,,
134.92,64.4,75.1,9.5,14.3,2022-07-29T00:00:00-06:00,14.7,,86.9,57.5,1659052800000,1.15,256.1,"Mist, Light Drizzle, Rain, Thunderstorm, Rain Showers, Heavy Rain, Light Rain",,1018.6,,56.8,77.9,20.83,29.0,"Rain, Overcast",,
202.46,67.8,82.3,9.5,9.6,2022-07-30T00:00:00-06:00,23.4,81.3,67.5,57.2,1659139200000,0.0,405.9,"Mist, Light Drizzle, Rain Showers",,1017.6,,55.0,67.66,4.17,,Partially cloudy,,
179.79,72.0,84.8,9.9,19.8,2022-07-31T00:00:00-06:00,19.7,82.4,48.4,60.0,1659225600000,0.0,342.3,"Lightning Without Thunder, Thunderstorm, Rain Showers, Light Rain",,1016.5,,52.8,56.82,4.17,34.9,Partially cloudy,,
196.08,73.4,87.8,9.9,15.6,2022-08-01T00:00:00-06:00,15.8,84.8,50.7,57.3,1659312000000,0.02,273.8,"Rain Showers, Light Rain",,1015.0,,49.7,47.31,4.17,28.9,"Rain, Partially cloudy",,
307.04,77.8,89.3,9.9,16.9,2022-08-02T00:00:00-06:00,17.7,86.1,55.6,67.1,1659398400000,0.0,306.6,,,1009.7,,49.4,38.77,0.0,33.1,Partially cloudy,,
247.25,73.3,84.4,9.9,16.6,2022-08-03T00:00:00-06:00,10.5,82.2,50.9,64.0,1659484800000,0.0,181.9,"Lightning Without Thunder, Thunderstorm, Rain Showers, Light Rain",,1013.6,,51.6,48.26,0.0,24.2,Partially cloudy,,
143.0,72.5,87.8,9.9,24.2,2022-08-04T00:00:00-06:00,20.1,85.5,49.5,59.0,1659571200000,0.0,349.3,"Lightning Without Thunder, Thunderstorm, Rain Showers, Light Rain",,1015.1,,54.4,56.32,0.0,44.6,Partially cloudy,,
211.17,75.3,88.4,9.9,10.8,2022-08-05T00:00:00-06:00,16.3,85.7,62.6,61.4,1659657600000,0.0,282.7,,,1011.4,,54.5,52.62,0.0,,Partially cloudy,,
256.22,75.6,87.3,9.9,28.1,2022-08-06T00:00:00-06:00,15.2,84.8,64.9,67.0,1659744000000,0.0,264.6,"Lightning Without Thunder, Thunderstorm",,1012.5,,53.5,48.25,0.0,39.1,Partially cloudy,,
204.17,72.1,82.8,9.9,17.8,2022-08-07T00:00:00-06:00,8.8,81.8,87.9,62.8,1659830400000,0.04,162.9,"Lightning Without Thunder, Thunderstorm, Rain Showers, Light Rain",,1016.2,,56.7,60.36,12.5,30.4,"Rain, Overcast",,
152.83,68.6,78.4,9.9,13.4,2022-08-08T00:00:00-06:00,23.2,,66.5,59.9,1659916800000,0.13,403.6,"Thunderstorm, Rain Showers, Light Rain",,1019.1,,58.3,71.62,16.67,21.9,"Rain, Partially cloudy",,
122.67,72.2,84.1,9.9,11.2,2022-08-09T00:00:00-06:00,23.2,82.3,41.0,59.4,1660003200000,0.0,403.5,,,1017.7,,53.6,56.08,0.0,19.2,Partially cloudy,,
161.29,73.7,84.6,9.9,13.9,2022-08-10T00:00:00-06:00,22.2,82.4,16.1,58.7,1660089600000,0.0,384.6,,,1020.5,,53.0,52.17,0.0,20.2,Clear,,
130.92,73.6,88.0,9.9,13.2,2022-08-11T00:00:00-06:00,21.7,84.6,25.2,56.1,1660176000000,0.0,377.2,,,1018.5,,50.0,48.56,0.0,21.9,Partially cloudy,,
156.29,74.6,88.7,9.9,16.1,2022-08-12T00:00:00-06:00,22.1,85.4,36.7,55.8,1660262400000,0.0,382.8,,,1017.2,,46.8,40.96,0.0,23.0,Partially cloudy,,
204.29,74.8,88.6,9.9,27.1,2022-08-13T00:00:00-06:00,20.4,85.3,31.7,61.2,1660348800000,0.0,378.5,Lightning Without Thunder,,1015.8,,48.6,42.7,0.0,39.8,Partially cloudy,,
204.42,75.1,91.0,9.9,17.9,2022-08-14T00:00:00-06:00,15.0,87.4,39.6,60.1,1660435200000,0.0,296.9,Lightning Without Thunder,,1013.0,,48.5,41.96,0.0,29.9,Partially cloudy,,
236.08,70.8,85.6,9.6,23.2,2022-08-15T00:00:00-06:00,16.0,83.3,59.8,61.4,1660521600000,0.42,341.5,"Lightning Without Thunder, Thunderstorm, Rain, Heavy Rain, Light Rain",,1014.9,,52.5,55.91,20.83,36.5,"Rain, Partially cloudy",,
238.67,63.2,70.6,9.3,14.1,2022-08-16T00:00:00-06:00,6.0,,95.2,58.6,1660608000000,0.49,110.7,"Mist, Precipitation In Vicinity, Rain, Rain Showers, Heavy Rain, Light Rain",,1018.7,,55.8,77.3,41.67,,"Rain, Overcast",,
183.33,65.6,75.7,9.9,10.2,2022-08-17T00:00:00-06:00,17.0,,74.6,54.6,1660694400000,0.01,314.0,,,1020.7,,52.1,64.72,4.17,17.2,"Rain, Partially cloudy",,
176.92,70.4,83.9,9.8,13.2,2022-08-18T00:00:00-06:00,20.0,81.2,31.0,56.0,1660780800000,0.0,370.9,,,1015.1,,45.7,48.04,0.0,18.3,Partially cloudy,,
239.38,67.0,82.0,9.8,18.8,2022-08-19T00:00:00-06:00,15.1,80.2,57.5,59.1,1660867200000,0.22,280.0,"Lightning Without Thunder, Thunderstorm, Light Rain",,1012.8,,46.9,50.63,25.0,34.3,"Rain, Partially cloudy",,
120.88,61.7,69.2,9.8,16.1,2022-08-20T00:00:00-06:00,6.5,,86.6,57.9,1660953600000,0.02,128.2,"Rain Showers, Light Rain",,1014.5,,52.5,72.27,4.17,22.3,"Rain, Overcast",,
141.29,63.4,74.8,9.8,18.1,2022-08-21T00:00:00-06:00,24.1,,51.8,52.6,1661040000000,0.05,445.5,Lightning Without Thunder,,1015.0,,50.5,64.73,8.33,27.7,"Rain, Partially cloudy",,
132.25,66.1,75.9,9.9,12.4,2022-08-22T00:00:00-06:00,10.1,,62.1,57.3,1661126400000,0.0,186.1,,,1016.3,,51.0,60.6,0.0,19.7,Partially cloudy,,
166.33,66.9,77.0,9.9,12.3,2022-08-23T00:00:00-06:00,18.6,,13.6,54.4,1661212800000,0.0,344.9,,,1014.1,,45.6,49.22,0.0,21.9,Clear,,
130.29,68.1,81.2,9.9,11.5,2022-08-24T00:00:00-06:00,20.9,79.5,15.6,53.7,1661299200000,0.0,386.7,,,1014.3,,41.1,39.88,0.0,24.2,Clear,,
182.79,68.4,82.2,9.9,13.8,2022-08-25T00:00:00-06:00,22.2,80.2,32.9,54.9,1661385600000,0.0,412.0,,,1014.7,,43.0,41.87,0.0,27.7,Partially cloudy,,
251.42,67.4,78.7,9.9,18.1,2022-08-26T00:00:00-06:00,12.0,,86.8,62.0,1661472000000,0.03,238.2,Light Rain,,1010.8,,48.9,52.69,8.33,32.2,"Rain, Overcast",,
262.63,70.1,82.5,9.9,10.5,2022-08-27T00:00:00-06:00,22.3,80.2,49.4,56.2,1661558400000,0.0,412.2,,,1006.1,,42.5,41.92,0.0,18.3,Partially cloudy,,
256.5,71.8,85.4,9.9,19.0,2022-08-28T00:00:00-06:00,11.2,82.3,43.0,63.0,1661644800000,0.01,222.1,"Lightning Without Thunder, Squalls, Thunderstorm, Light Rain",,1004.3,,39.0,31.42,4.17,36.7,"Rain, Partially cloudy",,
165.21,73.5,84.7,9.9,13.3,2022-08-29T00:00:00-06:00,16.2,81.8,28.5,61.7,1661731200000,0.0,300.5,,,1008.8,,38.9,30.13,0.0,27.7,Partially cloudy,,
151.08,71.4,83.1,9.9,16.3,2022-08-30T00:00:00-06:00,18.2,81.1,18.5,57.3,1661817600000,0.0,360.9,,,1013.3,,48.1,45.8,0.0,25.4,Clear,,
180.42,70.3,84.3,9.9,12.6,2022-08-31T00:00:00-06:00,15.6,81.9,41.1,60.0,1661904000000,0.06,289.7,"Lightning Without Thunder, Thunderstorm, Light Rain",,1010.4,,48.7,48.26,12.5,28.8,"Rain, Partially cloudy",,
119.0,72.4,90.0,9.9,16.7,2022-09-01T00:00:00-06:00,17.2,85.9,25.7,55.3,1661990400000,0.0,341.1,,,1008.3,,40.5,38.19,0.0,24.2,Partially cloudy,,
57.46,76.3,90.7,9.9,11.0,2022-09-02T00:00:00-06:00,20.3,86.5,45.3,57.0,1662076800000,0.0,401.9,Lightning Without Thunder,,1011.5,,37.5,28.52,4.17,22.3,Partially cloudy,,
156.08,69.0,80.6,9.7,17.0,2022-09-03T00:00:00-06:00,18.6,79.5,33.7,57.4,1662163200000,0.13,369.6,"Lightning Without Thunder, Thunderstorm, Light Rain",,1014.8,,48.3,50.53,20.83,29.7,"Rain, Partially cloudy",,
103.04,71.2,84.3,9.9,9.6,2022-09-04T00:00:00-06:00,19.0,82.0,2.9,55.8,1662249600000,0.0,377.2,,,1011.5,,47.0,45.12,0.0,21.9,Clear,,
162.25,73.5,86.3,9.9,13.6,2022-09-05T00:00:00-06:00,19.8,83.1,7.0,58.7,1662336000000,0.0,392.7,,,1010.8,,42.0,34.32,0.0,21.9,Clear,,
132.33,76.6,91.7,9.9,16.2,2022-09-06T00:00:00-06:00,20.0,87.3,15.5,59.9,1662422400000,0.0,397.4,,,1014.4,,36.0,26.4,0.0,23.6,Clear,,
146.5,76.7,90.2,9.9,18.4,2022-09-07T00:00:00-06:00,18.8,86.1,16.5,62.4,1662508800000,0.0,373.1,,,1018.8,,32.0,21.77,0.0,26.8,Clear,,
150.38,78.2,91.5,9.9,13.2,2022-09-08T00:00:00-06:00,15.6,87.2,39.5,63.2,1662595200000,0.0,309.5,,,1009.8,,33.0,20.58,0.0,34.2,Partially cloudy,,
147.0,64.2,74.3,9.7,23.5,2022-09-09T00:00:00-06:00,17.1,,50.9,53.4,1662681600000,0.01,339.6,"Blowing Or Drifting Snow, Lightning Without Thunder, Light Rain, Smoke Or Haze",,1004.7,,42.2,47.19,4.17,34.4,"Rain, Partially cloudy",,
121.04,49.7,53.1,3.5,11.7,2022-09-10T00:00:00-06:00,3.4,,99.9,47.5,1662768000000,0.25,68.0,"Mist, Light Drizzle",,1020.8,,48.3,95.06,83.33,,"Rain, Overcast",43.2,
163.75,54.9,68.4,7.8,8.5,2022-09-11T00:00:00-06:00,18.1,,55.1,46.5,1662854400000,0.0,359.8,"Mist, Fog",,1023.7,,45.5,73.55,0.0,,Partially cloudy,43.6,
191.75,66.9,82.9,9.9,9.7,2022-09-12T00:00:00-06:00,17.4,80.3,12.0,50.8,1662940800000,0.0,345.6,,,1010.4,,31.0,32.24,0.0,,Clear,,
203.58,69.3,81.2,9.9,16.0,2022-09-13T00:00:00-06:00,16.1,79.1,43.2,56.8,1663027200000,0.0,320.3,,,1004.8,,30.1,24.97,0.0,23.9,Partially cloudy,,
172.46,66.1,76.3,9.9,16.0,2022-09-14T00:00:00-06:00,11.2,,78.7,59.2,1663113600000,0.04,221.7,"Lightning Without Thunder, Light Rain",,1001.4,,41.6,41.55,8.33,29.8,"Rain, Overcast",,
194.92,64.4,74.0,9.9,10.7,2022-09-15T00:00:00-06:00,9.4,,75.4,56.2,1663200000000,0.01,187.4,"Thunderstorm, Light Rain",,1004.7,,43.9,48.41,8.33,25.3,"Rain, Overcast",,
184.42,65.4,79.6,9.9,15.9,2022-09-16T00:00:00-06:00,12.7,,42.3,51.3,1663286400000,0.0,252.9,,,1005.6,,41.1,46.17,0.0,27.7,Partially cloudy,,
187.29,66.5,78.5,9.9,18.3,2022-09-17T00:00:00-06:00,19.2,,21.4,55.1,1663372800000,0.0,380.9,,,1006.1,,37.9,37.19,0.0,33.0,Clear,,
174.29,70.2,83.8,10.0,17.7,2022-09-18T00:00:00-06:00,17.5,80.9,13.7,52.2,1663459200000,0.0,347.9,,,1005.5,,29.3,24.61,0.0,30.9,Clear,,
142.71,72.7,85.9,9.9,10.7,2022-09-19T00:00:00-06:00,13.1,82.6,52.3,57.6,1663545600000,0.01,259.6,Light Rain,,1005.9,,37.3,29.84,8.33,36.8,"Rain, Partially cloudy",,
233.67,75.1,87.7,9.9,11.7,2022-09-20T00:00:00-06:00,15.0,84.0,45.1,63.1,1663632000000,0.0,296.8,,,1009.0,,31.7,23.26,0.0,21.2,Partially cloudy,,
245.17,61.7,74.9,9.7,25.0,2022-09-21T00:00:00-06:00,9.3,,91.4,50.6,1663718400000,0.05,184.7,Light Rain,,1013.3,,44.8,57.98,16.67,34.4,"Rain, Overcast",,
160.88,48.8,52.6,4.4,12.2,2022-09-22T00:00:00-06:00,2.4,,100.0,45.8,1663804800000,0.05,47.8,"Drizzle, Mist, Heavy Drizzle, Light Drizzle, Fog, Light Rain",,1021.5,,46.9,93.18,29.17,,"Rain, Overcast",40.8,
208.88,63.8,80.7,8.1,12.1,2022-09-23T00:00:00-06:00,16.4,78.7,30.7,45.3,1663891200000,0.0,326.0,"Mist, Light Drizzle, Fog",,1015.0,,36.1,46.76,0.0,33.3,Partially cloudy,41.0,
189.25,64.5,79.2,9.9,16.0,2022-09-24T00:00:00-06:00,16.2,,2.9,49.7,1663977600000,0.0,320.5,,,1011.2,,33.0,34.87,0.0,24.5,Clear,48.6,
221.71,59.7,69.5,9.9,16.6,2022-09-25T00:00:00-06:00,15.8,,1.7,48.1,1664064000000,0.0,313.9,,,1015.3,,31.6,35.29,0.0,28.2,Clear,44.4,
207.71,63.6,82.0,9.9,19.3,2022-09-26T00:00:00-06:00,16.1,79.7,11.2,43.8,1664150400000,0.0,319.1,,,1017.9,,31.2,35.32,0.0,25.0,Clear,39.4,
205.33,62.8,76.3,9.9,16.2,2022-09-27T00:00:00-06:00,7.2,,69.1,51.9,1664236800000,0.0,143.6,"Lightning Without Thunder, Light Rain",,1014.0,,35.4,37.38,0.0,27.8,Partially cloudy,,
118.92,64.7,79.2,9.9,14.3,2022-09-28T00:00:00-06:00,7.9,,59.4,52.9,1664323200000,0.0,156.1,,,1016.4,,38.8,40.27,0.0,29.1,Partially cloudy,,
148.13,67.0,78.7,9.9,13.1,2022-09-29T00:00:00-06:00,7.5,,74.4,53.0,1664409600000,0.01,148.1,,,1010.7,,36.1,34.41,4.17,25.6,"Rain, Partially cloudy",,
254.96,65.0,77.9,9.9,21.7,2022-09-30T00:00:00-06:00,11.9,,44.0,54.6,1664496000000,0.0,235.2,,,1004.2,,37.2,37.91,0.0,35.8,Partially cloudy,,
244.92,59.6,71.8,9.9,17.5,2022-10-01T00:00:00-06:00,7.8,,76.0,50.9,1664582400000,0.05,154.9,Light Rain,,1007.1,,43.3,56.91,12.5,27.7,"Rain, Overcast",,
155.38,57.0,66.6,9.9,19.2,2022-10-02T00:00:00-06:00,6.1,,61.9,49.1,1664668800000,0.0,120.2,Light Rain,,1009.5,,43.1,61.26,0.0,27.1,Partially cloudy,46.6,
185.04,59.0,69.9,9.9,14.5,2022-10-03T00:00:00-06:00,7.4,,70.7,49.8,1664755200000,0.0,146.6,,,1009.9,,38.3,49.03,0.0,24.2,Partially cloudy,47.4,
267.08,56.1,65.6,9.9,13.8,2022-10-04T00:00:00-06:00,9.9,,86.3,51.4,1664841600000,0.03,196.9,,,1010.3,,42.7,62.03,16.67,31.1,"Rain, Overcast",,
207.04,54.8,62.0,9.9,9.3,2022-10-05T00:00:00-06:00,8.9,,85.7,50.7,1664928000000,0.05,176.6,Light Rain,,1014.3,,43.9,67.44,12.5,,"Rain, Overcast",,
187.96,56.0,67.6,9.9,9.9,2022-10-06T00:00:00-06:00,15.7,,30.7,43.7,1665014400000,0.0,335.0,,,1016.6,,36.4,50.8,0.0,18.3,Partially cloudy,39.1,
168.92,44.2,55.0,6.6,13.1,2022-10-07T00:00:00-06:00,2.5,,82.8,40.3,1665100800000,0.02,53.2,"Mist, Light Drizzle, Fog",,1024.2,,39.2,84.15,12.5,,"Rain, Overcast",34.3,
135.42,49.1,61.0,8.9,9.6,2022-10-08T00:00:00-06:00,11.9,,56.0,41.8,1665187200000,0.0,255.2,"Mist, Light Rain",,1027.0,,38.5,69.27,4.17,,Partially cloudy,39.7,
179.58,54.6,67.7,9.9,8.6,2022-10-09T00:00:00-06:00,14.9,,14.8,41.3,1665273600000,0.0,318.5,,,1017.4,,32.2,46.55,0.0,,Clear,36.8,
175.48,56.6,70.8,9.9,11.2,2022-10-10T00:00:00-06:00,7.9,,26.2,42.2,1665360000000,0.0,167.8,,,1011.5,,27.9,36.68,0.0,18.3,Partially cloudy,36.7,
252.75,61.4,75.0,9.9,23.5,2022-10-11T00:00:00-06:00,9.0,,29.0,49.5,1665446400000,0.0,191.7,,,1003.3,,22.2,24.78,0.0,36.8,Partially cloudy,45.3,
130.88,54.0,72.4,9.9,13.9,2022-10-12T00:00:00-06:00,14.1,,3.0,39.3,1665532800000,0.0,300.9,,,1011.9,,28.3,41.54,0.0,26.7,Clear,36.6,
127.96,50.2,63.7,9.9,11.9,2022-10-13T00:00:00-06:00,14.3,,9.8,35.1,1665619200000,0.0,306.5,,,1018.1,,28.1,45.53,0.0,21.9,Clear,28.5,
198.58,57.4,73.8,9.9,9.5,2022-10-14T00:00:00-06:00,14.7,,6.3,42.5,1665705600000,0.0,313.7,,,1008.7,,18.1,25.69,0.0,,Clear,39.0,
172.83,54.4,65.7,9.9,21.9,2022-10-15T00:00:00-06:00,11.8,,20.6,39.8,1665792000000,0.0,251.4,,,1011.0,,23.3,30.68,0.0,31.3,Clear,34.4,
162.13,47.8,52.4,9.9,11.2,2022-10-16T00:00:00-06:00,4.7,,87.5,45.1,1665878400000,0.0,108.1,,,1016.5,,34.4,59.67,0.0,19.7,Overcast,41.8,
137.0,46.5,59.6,9.9,8.5,2022-10-17T00:00:00-06:00,8.6,,8.0,33.7,1665964800000,0.0,184.6,,0.0,1018.2,,30.0,54.91,0.0,,Clear,30.3,
139.21,49.7,67.0,9.9,16.3,2022-10-18T00:00:00-06:00,8.2,,1.1,34.1,1666051200000,0.0,190.6,,,1018.8,,20.7,36.49,0.0,25.3,Clear,27.9,
243.83,58.1,74.8,9.9,15.8,2022-10-19T00:00:00-06:00,7.9,,2.3,42.6,1666137600000,0.0,182.7,,,1020.1,,14.6,20.03,0.0,27.7,Clear,38.2,
234.46,58.9,73.8,9.9,12.2,2022-10-20T00:00:00-06:00,8.9,,8.6,41.9,1666224000000,0.0,205.8,,,1012.4,,10.6,16.62,0.0,21.6,Clear,37.4,
286.5,63.0,72.3,9.9,14.5,2022-10-21T00:00:00-06:00,11.1,,36.2,50.7,1666310400000,0.0,257.8,,,1002.1,,11.9,13.76,0.0,30.5,Partially cloudy,,
234.96,61.5,74.0,9.9,19.1,2022-10-22T00:00:00-06:00,8.3,,6.3,52.6,1666396800000,0.0,192.9,,,993.6,,16.1,17.6,0.0,36.9,Clear,,
205.75,55.0,62.1,9.9,31.6,2022-10-23T00:00:00-06:00,7.3,,40.0,35.6,1666483200000,0.01,170.0,,,986.7,,23.9,31.11,8.33,50.7,"Rain, Partially cloudy",28.9,
188.63,37.0,45.3,9.9,10.0,2022-10-24T00:00:00-06:00,6.7,,42.1,30.1,1666569600000,0.0,155.4,,,1002.4,,21.2,54.3,0.0,18.3,Partially cloudy,24.0,
137.21,45.9,60.8,9.9,18.5,2022-10-25T00:00:00-06:00,6.3,,44.7,30.9,1666656000000,0.0,146.3,,,1008.1,,13.4,28.16,0.0,32.2,Partially cloudy,26.2,
113.13,46.2,57.0,9.9,16.7,2022-10-26T00:00:00-06:00,8.1,,56.4,35.9,1666742400000,0.0,186.5,,,1004.5,,21.3,38.0,0.0,25.8,Partially cloudy,32.6,
318.0,37.9,41.1,8.3,24.1,2022-10-27T00:00:00-06:00,4.3,,74.2,34.8,1666828800000,0.03,98.8,"Mist, Light Snow",,1006.9,,26.6,64.92,20.83,35.4,"Rain, Partially cloudy",24.2,
183.83,41.1,56.2,9.9,16.5,2022-10-28T00:00:00-06:00,8.2,,1.7,27.4,1666915200000,0.0,189.9,,,1022.4,,20.9,47.45,0.0,23.6,Clear,21.4,
96.79,44.4,58.4,9.9,17.8,2022-10-29T00:00:00-06:00,9.0,,8.5,29.0,1667001600000,0.0,227.8,,,1017.5,,14.5,33.78,0.0,25.0,Clear,21.0,
245.71,46.0,55.6,9.9,11.8,2022-10-30T00:00:00-06:00,5.4,,45.7,37.1,1667088000000,0.0,135.4,,,1013.5,,18.1,33.02,0.0,19.8,Partially cloudy,30.1,
168.25,47.6,62.3,9.9,9.2,2022-10-31T00:00:00-06:00,4.5,,7.0,34.4,1667174400000,0.0,113.0,,,1010.9,,16.3,32.55,0.0,17.2,Clear,28.2,
143.08,52.5,68.4,9.9,20.0,2022-11-01T00:00:00-06:00,11.0,,27.2,39.0,1667260800000,0.0,276.7,,,1008.7,,16.8,26.78,0.0,29.3,Partially cloudy,34.2,
203.63,58.3,69.7,9.9,22.3,2022-11-02T00:00:00-06:00,6.8,,41.8,52.4,1667347200000,0.0,171.6,,,1002.0,,12.1,16.35,0.0,34.7,Partially cloudy,,
207.21,43.3,53.0,9.7,18.2,2022-11-03T00:00:00-06:00,4.2,,58.0,30.2,1667433600000,0.0,105.1,"Light Snow, Mist, Precipitation In Vicinity, Light Rain And Snow, Light Rain",,999.0,,23.9,49.0,0.0,41.5,Partially cloudy,20.1,
175.75,32.9,42.0,9.9,9.7,2022-11-04T00:00:00-06:00,6.2,,52.9,27.2,1667520000000,0.0,156.5,,,1004.5,,19.3,59.02,0.0,17.2,Partially cloudy,19.9,
164.88,44.5,62.0,9.9,21.3,2022-11-05T00:00:00-06:00,5.8,,45.8,25.9,1667606400000,0.0,145.3,,,998.3,,19.3,39.07,0.0,47.2,Partially cloudy,18.6,
151.16,42.0,47.4,9.9,21.1,2022-11-06T00:00:00-06:00,6.7,,59.5,35.9,1667692800000,0.0,170.3,,,1006.4,,20.1,41.75,0.0,30.2,Partially cloudy,29.5,
152.04,38.7,49.6,8.9,14.3,2022-11-07T00:00:00-07:00,4.4,,62.6,29.5,1667779200000,0.0,110.9,Mist,,1013.3,,26.8,64.3,0.0,27.4,Partially cloudy,22.1,
162.63,52.4,70.0,9.9,20.1,2022-11-08T00:00:00-07:00,6.5,,23.7,38.5,1667865600000,0.0,164.5,,,1008.1,,20.1,34.74,0.0,32.4,Clear,34.8,
145.71,54.8,69.7,9.9,28.9,2022-11-09T00:00:00-07:00,4.8,,27.2,40.8,1667952000000,0.0,112.2,,,997.2,,17.4,29.71,0.0,46.5,Partially cloudy,36.8,
155.96,39.9,48.5,9.7,19.3,2022-11-10T00:00:00-07:00,4.5,,29.0,28.5,1668038400000,0.01,104.9,Light Snow,,1003.9,,6.0,26.86,4.17,39.1,"Rain, Partially cloudy",18.7,
176.08,24.4,28.8,7.4,13.0,2022-11-11T00:00:00-07:00,2.9,,64.2,20.2,1668124800000,0.02,67.8,"Light Snow, Mist",1.18,1020.6,,18.6,78.76,16.67,24.2,"Rain, Partially cloudy",9.7,
151.83,29.5,46.3,9.9,12.0,2022-11-12T00:00:00-07:00,4.4,,26.6,15.3,1668211200000,0.0,101.0,,,1023.7,,10.2,48.06,0.0,17.2,Partially cloudy,6.9,
194.33,36.6,53.2,9.9,20.6,2022-11-13T00:00:00-07:00,3.5,,50.0,21.5,1668297600000,0.0,81.4,,,1013.9,,2.8,28.54,0.0,30.0,Partially cloudy,13.0,
230.96,27.5,34.9,9.7,17.8,2022-11-14T00:00:00-07:00,3.9,,77.1,21.7,1668384000000,0.0,89.3,,,1020.9,,10.2,48.14,0.0,30.2,Overcast,12.7,
224.08,24.3,30.7,9.3,9.5,2022-11-15T00:00:00-07:00,3.9,,68.9,17.8,1668470400000,0.0,91.2,Light Snow,,1029.5,,13.8,64.32,0.0,17.2,Partially cloudy,8.6,
235.96,27.4,39.4,9.9,10.4,2022-11-16T00:00:00-07:00,1.4,,23.4,16.0,1668556800000,0.0,33.3,,,1032.4,,3.8,37.77,0.0,19.7,Clear,6.0,
124.83,23.8,31.1,8.5,18.1,2022-11-17T00:00:00-07:00,3.0,,67.6,17.7,1668643200000,0.02,69.8,Light Snow,1.18,1029.0,,11.2,59.55,12.5,29.9,"Rain, Partially cloudy",6.3,
195.71,13.2,19.0,4.9,13.2,2022-11-18T00:00:00-07:00,5.8,,70.1,10.2,1668729600000,0.06,134.3,"Light Snow, Mist, Snow",3.94,1030.6,,7.7,78.51,37.5,23.0,"Rain, Partially cloudy",-3.2,
178.67,22.7,35.6,9.9,11.5,2022-11-19T00:00:00-07:00,3.0,,3.7,10.2,1668816000000,0.0,68.8,,1.97,1032.4,,8.0,53.71,4.17,18.3,Clear,-2.0,
190.04,34.3,50.9,9.9,15.0,2022-11-20T00:00:00-07:00,3.0,,0.0,18.6,1668902400000,0.0,69.1,,,1025.4,,3.6,31.48,0.0,23.0,Clear,7.8,
153.38,36.9,52.2,9.9,10.9,2022-11-21T00:00:00-07:00,3.0,,3.4,24.6,1668988800000,0.0,70.2,,,1024.4,,3.9,26.83,0.0,,Clear,14.9,
198.46,41.7,53.8,9.9,14.3,2022-11-22T00:00:00-07:00,3.4,,31.0,28.7,1669075200000,0.0,78.8,,,1017.4,,2.5,20.52,0.0,21.9,Partially cloudy,20.4,
163.25,38.3,54.9,9.9,21.6,2022-11-23T00:00:00-07:00,4.3,,50.7,26.3,1669161600000,0.0,108.5,,,1007.5,,3.9,27.34,0.0,35.3,Partially cloudy,18.8,
320.92,33.0,38.7,9.9,27.7,2022-11-24T00:00:00-07:00,3.5,,50.4,27.7,1669248000000,0.0,81.3,Light Snow,,1018.6,,18.8,55.92,0.0,40.7,Partially cloudy,17.8,
195.58,38.3,53.9,9.9,9.2,2022-11-25T00:00:00-07:00,2.2,,4.0,23.5,1669334400000,0.0,51.3,,,1020.5,,9.7,33.39,0.0,17.2,Clear,15.1,
177.42,43.3,60.1,9.9,23.1,2022-11-26T00:00:00-07:00,2.7,,30.3,30.0,1669420800000,0.0,62.7,,,1006.4,,14.4,32.6,0.0,31.0,Partially cloudy,23.7,
134.75,35.0,42.4,8.8,14.6,2022-11-27T00:00:00-07:00,2.9,,64.1,29.2,1669507200000,0.0,66.3,"Light Snow, Mist",,1004.2,,25.0,67.79,4.17,21.9,Partially cloudy,22.4,
210.17,41.6,59.0,9.9,17.6,2022-11-28T00:00:00-07:00,2.9,,35.6,27.4,1669593600000,0.0,68.0,,,998.2,,10.2,31.07,0.0,33.4,Partially cloudy,16.8,
195.17,18.4,27.7,7.7,20.1,2022-11-29T00:00:00-07:00,1.8,,67.3,10.8,1669680000000,0.15,40.7,Light Snow,1.18,1009.1,,11.1,72.9,29.17,34.0,"Rain, Partially cloudy",0.1,
182.88,21.4,31.5,9.5,7.8,2022-11-30T00:00:00-07:00,1.4,,22.3,10.4,1669766400000,0.0,32.3,Fog,1.18,1024.8,,11.0,64.26,0.0,17.2,Clear,0.2,
158.88,46.0,57.8,9.9,24.7,2022-12-01T00:00:00-07:00,2.3,,38.5,27.6,1669852800000,0.0,53.5,,,1010.2,,12.2,27.01,4.17,52.8,Partially cloudy,18.7,
221.63,46.5,55.4,9.9,30.8,2022-12-02T00:00:00-07:00,2.2,,26.7,23.7,1669939200000,0.0,51.6,,,1006.9,,14.7,28.75,0.0,54.9,Partially cloudy,9.5,
131.21,27.8,40.4,9.9,15.0,2022-12-03T00:00:00-07:00,3.7,,40.2,14.9,1670025600000,0.0,93.1,,,1029.1,,8.2,44.68,0.0,35.8,Partially cloudy,7.5,
195.38,39.6,46.5,9.9,17.0,2022-12-04T00:00:00-07:00,3.5,,46.0,32.8,1670112000000,0.0,80.3,,,1019.2,,19.1,43.97,0.0,30.0,Partially cloudy,26.5,
190.29,44.6,60.2,9.9,13.9,2022-12-05T00:00:00-07:00,3.3,,36.1,33.1,1670198400000,0.0,76.3,,,1005.1,,19.1,38.96,0.0,36.0,Partially cloudy,24.6,
203.58,36.6,46.0,9.9,11.5,2022-12-06T00:00:00-07:00,1.8,,32.1,25.2,1670284800000,0.0,45.0,,,1004.9,,20.1,51.96,0.0,33.3,Partially cloudy,20.1,
185.71,36.9,47.9,9.9,12.9,2022-12-07T00:00:00-07:00,1.7,,24.9,28.5,1670371200000,0.0,38.3,,,1011.7,,18.3,47.94,0.0,18.3,Clear,21.7,
241.33,36.7,47.1,9.9,21.8,2022-12-08T00:00:00-07:00,1.3,,9.5,24.1,1670457600000,0.0,31.2,,,1017.6,,5.6,33.89,0.0,40.4,Clear,17.2,
91.5,31.5,42.5,9.9,13.3,2022-12-09T00:00:00-07:00,1.3,,15.1,18.5,1670544000000,0.0,29.9,,,1016.7,,-0.2,26.1,0.0,26.4,Clear,10.6,
189.96,34.1,42.2,9.9,18.1,2022-12-10T00:00:00-07:00,1.7,,19.7,24.2,1670630400000,0.0,39.8,,,1012.9,,5.5,29.84,0.0,26.4,Clear,19.2,
146.54,44.0,60.6,9.9,17.8,2022-12-11T00:00:00-07:00,1.1,,29.5,30.3,1670716800000,0.0,24.9,,,1007.3,,0.8,18.07,0.0,38.0,Partially cloudy,22.5,
174.79,40.2,49.2,9.7,23.7,2022-12-12T00:00:00-07:00,3.5,,70.3,27.7,1670803200000,0.0,81.3,Light Snow,,994.1,,9.1,29.13,0.0,37.3,Partially cloudy,13.6,
246.25,22.4,26.1,9.3,22.4,2022-12-13T00:00:00-07:00,3.2,,85.1,13.9,1670889600000,0.01,74.7,Light Snow,,1000.0,,13.6,68.77,4.17,35.9,"Rain, Overcast",7.2,
153.54,20.9,31.1,9.9,8.1,2022-12-14T00:00:00-07:00,1.7,,28.3,11.5,1670976000000,0.0,39.9,,,1012.6,,8.1,57.99,0.0,,Partially cloudy,1.9,
166.71,19.0,26.0,8.9,12.8,2022-12-15T00:00:00-07:00,3.4,,65.0,13.0,1671062400000,0.01,84.7,Light Snow,,1018.1,,9.0,65.36,12.5,20.8,"Rain, Partially cloudy",2.5,
279.13,17.6,31.2,9.9,18.5,2022-12-16T00:00:00-07:00,0.9,,9.6,6.5,1671148800000,0.0,19.9,,,1022.0,,-5.2,38.96,0.0,37.2,Clear,-4.5,
139.04,20.2,33.8,9.9,10.2,2022-12-17T00:00:00-07:00,0.9,,2.3,10.7,1671235200000,0.0,20.8,,,1021.1,,-7.9,29.95,0.0,,Clear,1.5,
148.96,28.9,45.8,9.9,7.1,2022-12-18T00:00:00-07:00,3.3,,44.8,11.6,1671321600000,0.0,84.5,,,1015.9,,-4.5,25.52,0.0,,Partially cloudy,2.4,
207.96,32.8,46.1,9.9,11.0,2022-12-19T00:00:00-07:00,0.9,,15.0,23.0,1671408000000,0.0,23.9,,,1019.5,,-3.5,21.9,0.0,19.7,Clear,15.0,
163.25,29.9,44.4,9.9,8.8,2022-12-20T00:00:00-07:00,2.0,,58.3,15.6,1671494400000,0.0,50.5,,,1025.8,,2.8,33.76,0.0,,Partially cloudy,7.2,
272.5,33.5,48.8,9.9,20.6,2022-12-21T00:00:00-07:00,0.8,,31.2,3.4,1671580800000,0.0,19.2,Light Snow,,1012.2,,4.1,31.67,0.0,43.1,Partially cloudy,-11.0,
210.88,-5.7,-0.6,6.3,15.6,2022-12-22T00:00:00-07:00,0.9,,67.4,-9.4,1671667200000,0.07,24.1,"Light Snow, Mist",1.97,1030.2,,-13.7,67.71,37.5,30.0,"Rain, Partially cloudy",-25.5,
175.29,2.0,11.6,9.9,15.2,2022-12-23T00:00:00-07:00,0.8,,59.8,-9.8,1671753600000,0.0,21.3,,1.18,1037.3,,-11.5,53.62,0.0,28.9,Partially cloudy,-18.5,
182.63,33.9,46.6,9.9,8.1,2022-12-24T00:00:00-07:00,3.5,,30.6,14.2,1671840000000,0.0,82.0,,1.18,1028.2,,17.2,50.96,0.0,,Partially cloudy,13.4,
169.83,37.3,53.3,9.9,10.4,2022-12-25T00:00:00-07:00,3.3,,39.0,22.8,1671926400000,0.0,91.1,,,1022.6,,18.8,49.45,0.0,26.4,Partially cloudy,15.7,
142.13,33.0,40.9,9.9,11.7,2022-12-26T00:00:00-07:00,2.1,,47.4,25.3,1672012800000,0.0,48.4,,,1025.4,,24.0,69.79,0.0,17.2,Partially cloudy,18.8,
181.0,48.8,61.3,9.9,14.4,2022-12-27T00:00:00-07:00,3.1,,41.0,36.4,1672099200000,0.0,71.2,,,1005.8,,18.7,31.73,0.0,35.8,Partially cloudy,31.6,
125.08,44.0,50.0,9.2,14.2,2022-12-28T00:00:00-07:00,2.3,,79.9,34.1,1672185600000,0.18,58.9,"Mist, Light Snow, Light Rain And Snow, Light Rain",1.18,992.0,,26.1,51.68,16.67,32.5,"Rain, Overcast",25.0,
197.71,28.2,32.5,8.2,19.0,2022-12-29T00:00:00-07:00,0.6,,69.5,23.5,1672272000000,0.06,15.6,Light Snow,1.97,1003.6,,22.0,77.71,16.67,26.4,"Rain, Partially cloudy",16.5,
140.79,27.1,35.6,9.9,7.9,2022-12-30T00:00:00-07:00,0.9,,54.3,16.6,1672358400000,0.0,23.0,,1.18,1013.5,,14.3,58.8,0.0,,Partially cloudy,6.6,
178.33,42.3,54.5,9.9,13.0,2022-12-31T00:00:00-07:00,0.8,,43.5,27.7,1672444800000,0.0,21.3,,,1005.2,,22.3,45.65,0.0,39.1,Partially cloudy,22.0,
